Id;Label;modularity_class;;;;;;;
12350.0;;1;;;;;;;
12538.0;;3;;;;;;;
13544.0;;1;;;;;;;
15006.0;;1;;;;;;;
14974.0;;0;;;;;;;
15019.0;;1;;;;;;;
18209.0;;4;;;;;;;
12556.0;;2;;;;;;;
13151.0;;2;;;;;;;
14693.0;;2;;;;;;;
17507.0;;3;;;;;;;
17569.0;;2;;;;;;;
14594.0;;2;;;;;;;
14954.0;;3;;;;;;;
16364.0;;1;;;;;;;
17070.0;;1;;;;;;;
17889.0;;1;;;;;;;
13322.0;;2;;;;;;;
13642.0;;1;;;;;;;
14048.0;;2;;;;;;;
14448.0;;2;;;;;;;
14985.0;;1;;;;;;;
15720.0;;1;;;;;;;
15880.0;;2;;;;;;;
16402.0;;3;;;;;;;
17329.0;;4;;;;;;;
17793.0;;2;;;;;;;
17836.0;;1;;;;;;;
18119.0;;1;;;;;;;
16096.0;;0;;;;;;;
16415.0;;4;;;;;;;
17908.0;;4;;;;;;;
17935.0;;1;;;;;;;
18101.0;;2;;;;;;;
12872.0;;2;;;;;;;
12988.0;;3;;;;;;;
13259.0;;1;;;;;;;
13350.0;;3;;;;;;;
13565.0;;5;;;;;;;
13598.0;;0;;;;;;;
14335.0;;1;;;;;;;
14375.0;;2;;;;;;;
14549.0;;2;;;;;;;
14619.0;;3;;;;;;;
14896.0;;1;;;;;;;
14965.0;;0;;;;;;;
15092.0;;3;;;;;;;
15303.0;;2;;;;;;;
15406.0;;0;;;;;;;
15457.0;;5;;;;;;;
15503.0;;1;;;;;;;
15520.0;;3;;;;;;;
15664.0;;5;;;;;;;
15976.0;;0;;;;;;;
16056.0;;4;;;;;;;
16212.0;;3;;;;;;;
16222.0;;2;;;;;;;
16374.0;;1;;;;;;;
16399.0;;2;;;;;;;
16788.0;;0;;;;;;;
17189.0;;1;;;;;;;
17486.0;;1;;;;;;;
17604.0;;4;;;;;;;
17786.0;;2;;;;;;;
18228.0;;4;;;;;;;
12510.0;;1;;;;;;;
12797.0;;1;;;;;;;
12832.0;;4;;;;;;;
12982.0;;3;;;;;;;
13255.0;;1;;;;;;;
13385.0;;1;;;;;;;
13485.0;;1;;;;;;;
13503.0;;1;;;;;;;
13506.0;;1;;;;;;;
13621.0;;1;;;;;;;
13707.0;;1;;;;;;;
13712.0;;1;;;;;;;
13786.0;;2;;;;;;;
13927.0;;0;;;;;;;
14651.0;;2;;;;;;;
15012.0;;1;;;;;;;
15091.0;;1;;;;;;;
15314.0;;2;;;;;;;
15360.0;;1;;;;;;;
15554.0;;3;;;;;;;
15766.0;;3;;;;;;;
16026.0;;1;;;;;;;
16097.0;;1;;;;;;;
16147.0;;2;;;;;;;
16202.0;;3;;;;;;;
16337.0;;1;;;;;;;
16347.0;;4;;;;;;;
16354.0;;1;;;;;;;
16372.0;;1;;;;;;;
16411.0;;1;;;;;;;
16499.0;;1;;;;;;;
16650.0;;1;;;;;;;
16680.0;;0;;;;;;;
16758.0;;3;;;;;;;
16763.0;;1;;;;;;;
16846.0;;1;;;;;;;
16848.0;;1;;;;;;;
16967.0;;1;;;;;;;
17111.0;;0;;;;;;;
17297.0;;4;;;;;;;
17333.0;;1;;;;;;;
17433.0;;1;;;;;;;
17438.0;;3;;;;;;;
17859.0;;1;;;;;;;
17898.0;;1;;;;;;;
17928.0;;1;;;;;;;
17987.0;;1;;;;;;;
18013.0;;1;;;;;;;
12582.0;;0;;;;;;;
13455.0;;3;;;;;;;
13474.0;;3;;;;;;;
14625.0;;3;;;;;;;
15066.0;;3;;;;;;;
15180.0;;4;;;;;;;
15422.0;;3;;;;;;;
15435.0;;0;;;;;;;
15464.0;;2;;;;;;;
16134.0;;1;;;;;;;
16727.0;;2;;;;;;;
17254.0;;1;;;;;;;
15035.0;;2;;;;;;;
15342.0;;1;;;;;;;
15466.0;;1;;;;;;;
17252.0;;1;;;;;;;
17303.0;;2;;;;;;;
17962.0;;2;;;;;;;
18078.0;;3;;;;;;;
18129.0;;3;;;;;;;
12390.0;;1;;;;;;;
12426.0;;0;;;;;;;
12447.0;;0;;;;;;;
12452.0;;1;;;;;;;
12461.0;;5;;;;;;;
12579.0;;3;;;;;;;
12580.0;;0;;;;;;;
12616.0;;1;;;;;;;
12729.0;;1;;;;;;;
12735.0;;1;;;;;;;
12784.0;;1;;;;;;;
12838.0;;1;;;;;;;
13008.0;;4;;;;;;;
13023.0;;1;;;;;;;
13300.0;;0;;;;;;;
13341.0;;3;;;;;;;
13428.0;;2;;;;;;;
13569.0;;0;;;;;;;
13817.0;;1;;;;;;;
14082.0;;1;;;;;;;
14087.0;;1;;;;;;;
14517.0;;3;;;;;;;
14624.0;;1;;;;;;;
14644.0;;3;;;;;;;
14729.0;;2;;;;;;;
14780.0;;0;;;;;;;
15147.0;;1;;;;;;;
15349.0;;2;;;;;;;
15545.0;;1;;;;;;;
15573.0;;1;;;;;;;
15579.0;;2;;;;;;;
15970.0;;0;;;;;;;
16305.0;;0;;;;;;;
16403.0;;0;;;;;;;
16648.0;;1;;;;;;;
17081.0;;4;;;;;;;
17936.0;;1;;;;;;;
17964.0;;1;;;;;;;
18151.0;;3;;;;;;;
12386.0;;1;;;;;;;
12448.0;;1;;;;;;;
12890.0;;1;;;;;;;
13368.0;;1;;;;;;;
13626.0;;1;;;;;;;
13667.0;;2;;;;;;;
13930.0;;1;;;;;;;
14338.0;;3;;;;;;;
14413.0;;1;;;;;;;
14485.0;;1;;;;;;;
14656.0;;2;;;;;;;
14689.0;;2;;;;;;;
14988.0;;1;;;;;;;
15054.0;;1;;;;;;;
15160.0;;1;;;;;;;
15165.0;;3;;;;;;;
15695.0;;3;;;;;;;
15850.0;;1;;;;;;;
15872.0;;1;;;;;;;
15894.0;;1;;;;;;;
15904.0;;1;;;;;;;
15967.0;;1;;;;;;;
16025.0;;1;;;;;;;
16113.0;;1;;;;;;;
16123.0;;1;;;;;;;
16135.0;;3;;;;;;;
16247.0;;1;;;;;;;
16413.0;;1;;;;;;;
16536.0;;1;;;;;;;
16893.0;;2;;;;;;;
16895.0;;1;;;;;;;
17321.0;;1;;;;;;;
17403.0;;4;;;;;;;
17619.0;;2;;;;;;;
17968.0;;1;;;;;;;
18027.0;;4;;;;;;;
12446.0;;0;;;;;;;
12508.0;;1;;;;;;;
12624.0;;1;;;;;;;
12673.0;;1;;;;;;;
12750.0;;1;;;;;;;
13166.0;;3;;;;;;;
13223.0;;1;;;;;;;
13345.0;;1;;;;;;;
13370.0;;3;;;;;;;
13483.0;;1;;;;;;;
13673.0;;1;;;;;;;
13721.0;;1;;;;;;;
14023.0;;1;;;;;;;
14494.0;;1;;;;;;;
14762.0;;1;;;;;;;
14929.0;;1;;;;;;;
15041.0;;1;;;;;;;
15120.0;;3;;;;;;;
15320.0;;1;;;;;;;
15637.0;;1;;;;;;;
15748.0;;4;;;;;;;
15942.0;;1;;;;;;;
16483.0;;1;;;;;;;
16602.0;;2;;;;;;;
16674.0;;1;;;;;;;
16834.0;;1;;;;;;;
17510.0;;3;;;;;;;
17760.0;;1;;;;;;;
17795.0;;1;;;;;;;
17843.0;;1;;;;;;;
17855.0;;1;;;;;;;
17984.0;;1;;;;;;;
12809.0;;3;;;;;;;
13821.0;;0;;;;;;;
14098.0;;1;;;;;;;
17514.0;;2;;;;;;;
12558.0;;0;;;;;;;
15918.0;;0;;;;;;;
16302.0;;1;;;;;;;
16392.0;;1;;;;;;;
17035.0;;3;;;;;;;
17301.0;;5;;;;;;;
18110.0;;1;;;;;;;
12353.0;;3;;;;;;;
12355.0;;3;;;;;;;
12420.0;;3;;;;;;;
12591.0;;3;;;;;;;
13276.0;;4;;;;;;;
13570.0;;5;;;;;;;
13781.0;;2;;;;;;;
14873.0;;3;;;;;;;
15017.0;;4;;;;;;;
15272.0;;3;;;;;;;
16072.0;;3;;;;;;;
16243.0;;3;;;;;;;
16971.0;;2;;;;;;;
17110.0;;3;;;;;;;
17229.0;;0;;;;;;;
17901.0;;1;;;;;;;
12863.0;;3;;;;;;;
13239.0;;1;;;;;;;
13291.0;;3;;;;;;;
13369.0;;2;;;;;;;
14570.0;;3;;;;;;;
14714.0;;2;;;;;;;
15182.0;;5;;;;;;;
15212.0;;1;;;;;;;
15224.0;;3;;;;;;;
15543.0;;3;;;;;;;
16292.0;;1;;;;;;;
16573.0;;2;;;;;;;
16776.0;;1;;;;;;;
17418.0;;2;;;;;;;
17455.0;;0;;;;;;;
17582.0;;3;;;;;;;
12358.0;;3;;;;;;;
12888.0;;3;;;;;;;
13711.0;;2;;;;;;;
13809.0;;2;;;;;;;
14508.0;;3;;;;;;;
15045.0;;3;;;;;;;
15776.0;;5;;;;;;;
15912.0;;2;;;;;;;
16278.0;;3;;;;;;;
16315.0;;5;;;;;;;
16461.0;;1;;;;;;;
16883.0;;2;;;;;;;
16471.0;;2;;;;;;;
12365.0;;3;;;;;;;
12374.0;;4;;;;;;;
12384.0;;3;;;;;;;
12401.0;;3;;;;;;;
12410.0;;3;;;;;;;
12515.0;;3;;;;;;;
12559.0;;3;;;;;;;
12588.0;;3;;;;;;;
12589.0;;3;;;;;;;
12603.0;;3;;;;;;;
12622.0;;3;;;;;;;
12644.0;;3;;;;;;;
12733.0;;3;;;;;;;
12743.0;;1;;;;;;;
12769.0;;3;;;;;;;
12795.0;;3;;;;;;;
12852.0;;3;;;;;;;
12915.0;;3;;;;;;;
12945.0;;2;;;;;;;
13006.0;;3;;;;;;;
13032.0;;3;;;;;;;
13046.0;;3;;;;;;;
13059.0;;3;;;;;;;
13066.0;;3;;;;;;;
13144.0;;3;;;;;;;
13221.0;;3;;;;;;;
13245.0;;3;;;;;;;
13248.0;;3;;;;;;;
13260.0;;3;;;;;;;
13284.0;;3;;;;;;;
13292.0;;3;;;;;;;
13338.0;;3;;;;;;;
13339.0;;3;;;;;;;
13357.0;;3;;;;;;;
13372.0;;3;;;;;;;
13417.0;;3;;;;;;;
13436.0;;3;;;;;;;
13466.0;;3;;;;;;;
13496.0;;3;;;;;;;
13504.0;;3;;;;;;;
13512.0;;3;;;;;;;
13531.0;;0;;;;;;;
13589.0;;4;;;;;;;
13649.0;;3;;;;;;;
13669.0;;3;;;;;;;
13718.0;;3;;;;;;;
13731.0;;3;;;;;;;
13737.0;;3;;;;;;;
13759.0;;3;;;;;;;
13833.0;;3;;;;;;;
13853.0;;3;;;;;;;
13899.0;;3;;;;;;;
13932.0;;3;;;;;;;
13955.0;;2;;;;;;;
14024.0;;3;;;;;;;
14036.0;;3;;;;;;;
14148.0;;3;;;;;;;
14199.0;;3;;;;;;;
14247.0;;2;;;;;;;
14265.0;;3;;;;;;;
14270.0;;3;;;;;;;
14288.0;;3;;;;;;;
14323.0;;3;;;;;;;
14362.0;;3;;;;;;;
14431.0;;3;;;;;;;
14496.0;;4;;;;;;;
14536.0;;3;;;;;;;
14600.0;;3;;;;;;;
14772.0;;3;;;;;;;
14819.0;;3;;;;;;;
14853.0;;3;;;;;;;
14951.0;;3;;;;;;;
14972.0;;3;;;;;;;
14998.0;;3;;;;;;;
15010.0;;3;;;;;;;
15063.0;;3;;;;;;;
15068.0;;1;;;;;;;
15109.0;;3;;;;;;;
15119.0;;3;;;;;;;
15149.0;;3;;;;;;;
15193.0;;3;;;;;;;
15205.0;;3;;;;;;;
15211.0;;2;;;;;;;
15223.0;;3;;;;;;;
15246.0;;2;;;;;;;
15257.0;;3;;;;;;;
15258.0;;3;;;;;;;
15327.0;;3;;;;;;;
15343.0;;3;;;;;;;
15345.0;;3;;;;;;;
15353.0;;3;;;;;;;
15445.0;;3;;;;;;;
15447.0;;3;;;;;;;
15460.0;;3;;;;;;;
15480.0;;3;;;;;;;
15517.0;;3;;;;;;;
15763.0;;4;;;;;;;
15836.0;;3;;;;;;;
15843.0;;3;;;;;;;
15852.0;;3;;;;;;;
15883.0;;4;;;;;;;
15885.0;;3;;;;;;;
15888.0;;3;;;;;;;
15917.0;;3;;;;;;;
15922.0;;3;;;;;;;
15925.0;;3;;;;;;;
15944.0;;3;;;;;;;
16084.0;;3;;;;;;;
16211.0;;3;;;;;;;
16275.0;;3;;;;;;;
16366.0;;3;;;;;;;
16384.0;;3;;;;;;;
16386.0;;0;;;;;;;
16404.0;;4;;;;;;;
16509.0;;3;;;;;;;
16535.0;;3;;;;;;;
16552.0;;3;;;;;;;
16557.0;;3;;;;;;;
16627.0;;3;;;;;;;
16756.0;;3;;;;;;;
16780.0;;2;;;;;;;
16808.0;;3;;;;;;;
16824.0;;3;;;;;;;
16855.0;;3;;;;;;;
16897.0;;3;;;;;;;
16976.0;;3;;;;;;;
16988.0;;3;;;;;;;
17026.0;;3;;;;;;;
17040.0;;3;;;;;;;
17120.0;;2;;;;;;;
17125.0;;3;;;;;;;
17138.0;;3;;;;;;;
17140.0;;3;;;;;;;
17142.0;;3;;;;;;;
17223.0;;3;;;;;;;
17250.0;;3;;;;;;;
17279.0;;3;;;;;;;
17408.0;;3;;;;;;;
17453.0;;3;;;;;;;
17466.0;;3;;;;;;;
17492.0;;3;;;;;;;
17501.0;;3;;;;;;;
17668.0;;3;;;;;;;
17709.0;;3;;;;;;;
17718.0;;3;;;;;;;
17732.0;;2;;;;;;;
17746.0;;3;;;;;;;
17749.0;;3;;;;;;;
17781.0;;3;;;;;;;
17789.0;;3;;;;;;;
17931.0;;3;;;;;;;
17991.0;;3;;;;;;;
18004.0;;5;;;;;;;
18005.0;;1;;;;;;;
18138.0;;3;;;;;;;
18159.0;;3;;;;;;;
18164.0;;3;;;;;;;
18169.0;;2;;;;;;;
18185.0;;3;;;;;;;
18190.0;;2;;;;;;;
18192.0;;3;;;;;;;
18205.0;;3;;;;;;;
18250.0;;3;;;;;;;
18265.0;;3;;;;;;;
18274.0;;3;;;;;;;
18282.0;;3;;;;;;;
13271.0;;1;;;;;;;
16204.0;;1;;;;;;;
16667.0;;4;;;;;;;
18181.0;;4;;;;;;;
12965.0;;2;;;;;;;
13778.0;;4;;;;;;;
14029.0;;1;;;;;;;
14304.0;;1;;;;;;;
14483.0;;3;;;;;;;
15198.0;;3;;;;;;;
15578.0;;1;;;;;;;
16595.0;;1;;;;;;;
17011.0;;3;;;;;;;
17212.0;;3;;;;;;;
17551.0;;2;;;;;;;
17698.0;;1;;;;;;;
17711.0;;1;;;;;;;
17712.0;;4;;;;;;;
17973.0;;4;;;;;;;
18024.0;;3;;;;;;;
18126.0;;2;;;;;;;
18222.0;;2;;;;;;;
12725.0;;3;;;;;;;
12790.0;;3;;;;;;;
12930.0;;3;;;;;;;
13049.0;;3;;;;;;;
13142.0;;1;;;;;;;
13244.0;;3;;;;;;;
13279.0;;3;;;;;;;
13792.0;;3;;;;;;;
13800.0;;3;;;;;;;
14052.0;;1;;;;;;;
14311.0;;2;;;;;;;
14356.0;;3;;;;;;;
15438.0;;3;;;;;;;
15733.0;;3;;;;;;;
15909.0;;3;;;;;;;
16114.0;;3;;;;;;;
16708.0;;3;;;;;;;
17637.0;;3;;;;;;;
17831.0;;3;;;;;;;
18071.0;;3;;;;;;;
14497.0;;3;;;;;;;
12690.0;;3;;;;;;;
12718.0;;3;;;;;;;
13299.0;;3;;;;;;;
15071.0;;3;;;;;;;
15900.0;;4;;;;;;;
16441.0;;3;;;;;;;
17165.0;;3;;;;;;;
17267.0;;5;;;;;;;
17556.0;;3;;;;;;;
17707.0;;3;;;;;;;
18146.0;;2;;;;;;;
12566.0;;1;;;;;;;
13005.0;;1;;;;;;;
13311.0;;1;;;;;;;
13395.0;;5;;;;;;;
13532.0;;1;;;;;;;
13670.0;;1;;;;;;;
13885.0;;2;;;;;;;
14206.0;;1;;;;;;;
14326.0;;5;;;;;;;
14339.0;;1;;;;;;;
14722.0;;1;;;;;;;
15396.0;;1;;;;;;;
15463.0;;1;;;;;;;
15540.0;;1;;;;;;;
15592.0;;1;;;;;;;
15800.0;;2;;;;;;;
16761.0;;1;;;;;;;
16820.0;;1;;;;;;;
16884.0;;1;;;;;;;
17866.0;;2;;;;;;;
18276.0;;1;;;;;;;
12391.0;;1;;;;;;;
12719.0;;1;;;;;;;
13127.0;;1;;;;;;;
13352.0;;5;;;;;;;
14479.0;;2;;;;;;;
14778.0;;2;;;;;;;
15450.0;;5;;;;;;;
15957.0;;1;;;;;;;
16193.0;;1;;;;;;;
17385.0;;1;;;;;;;
18006.0;;4;;;;;;;
18213.0;;2;;;;;;;
18216.0;;2;;;;;;;
14995.0;;2;;;;;;;
15504.0;;1;;;;;;;
17542.0;;1;;;;;;;
14379.0;;2;;;;;;;
16527.0;;2;;;;;;;
17134.0;;2;;;;;;;
17958.0;;0;;;;;;;
17999.0;;4;;;;;;;
15279.0;;2;;;;;;;
15895.0;;1;;;;;;;
16216.0;;5;;;;;;;
16887.0;;0;;;;;;;
18011.0;;1;;;;;;;
13218.0;;1;;;;;;;
14670.0;;2;;;;;;;
14675.0;;0;;;;;;;
15025.0;;4;;;;;;;
16601.0;;4;;;;;;;
17772.0;;1;;;;;;;
12658.0;;1;;;;;;;
12672.0;;0;;;;;;;
13173.0;;2;;;;;;;
13358.0;;3;;;;;;;
13494.0;;3;;;;;;;
13551.0;;3;;;;;;;
14155.0;;3;;;;;;;
14165.0;;2;;;;;;;
14179.0;;0;;;;;;;
15184.0;;2;;;;;;;
15355.0;;4;;;;;;;
15541.0;;0;;;;;;;
16104.0;;1;;;;;;;
16565.0;;3;;;;;;;
17124.0;;3;;;;;;;
17464.0;;1;;;;;;;
17976.0;;2;;;;;;;
18240.0;;3;;;;;;;
18277.0;;5;;;;;;;
12519.0;;1;;;;;;;
12665.0;;3;;;;;;;
12871.0;;2;;;;;;;
13229.0;;1;;;;;;;
13762.0;;3;;;;;;;
13898.0;;1;;;;;;;
13933.0;;4;;;;;;;
14109.0;;0;;;;;;;
14142.0;;1;;;;;;;
14924.0;;3;;;;;;;
15234.0;;2;;;;;;;
15276.0;;1;;;;;;;
15677.0;;2;;;;;;;
15724.0;;1;;;;;;;
16529.0;;2;;;;;;;
16647.0;;1;;;;;;;
16796.0;;1;;;;;;;
16978.0;;2;;;;;;;
17051.0;;2;;;;;;;
17540.0;;4;;;;;;;
17555.0;;1;;;;;;;
17947.0;;1;;;;;;;
18220.0;;3;;;;;;;
14647.0;;3;;;;;;;
16968.0;;4;;;;;;;
13060.0;;2;;;;;;;
14068.0;;4;;;;;;;
14162.0;;2;;;;;;;
14555.0;;2;;;;;;;
14799.0;;4;;;;;;;
15419.0;;1;;;;;;;
15700.0;;0;;;;;;;
16048.0;;4;;;;;;;
16528.0;;2;;;;;;;
16598.0;;4;;;;;;;
17119.0;;2;;;;;;;
17397.0;;2;;;;;;;
17860.0;;0;;;;;;;
12834.0;;3;;;;;;;
12882.0;;3;;;;;;;
13484.0;;3;;;;;;;
13699.0;;3;;;;;;;
13893.0;;3;;;;;;;
14589.0;;3;;;;;;;
14628.0;;2;;;;;;;
16185.0;;3;;;;;;;
16425.0;;3;;;;;;;
16781.0;;3;;;;;;;
17117.0;;2;;;;;;;
17374.0;;5;;;;;;;
18104.0;;4;;;;;;;
12651.0;;1;;;;;;;
12815.0;;3;;;;;;;
12816.0;;3;;;;;;;
12917.0;;3;;;;;;;
12974.0;;3;;;;;;;
13332.0;;5;;;;;;;
13615.0;;3;;;;;;;
15921.0;;3;;;;;;;
17278.0;;3;;;;;;;
13207.0;;3;;;;;;;
13967.0;;3;;;;;;;
15101.0;;3;;;;;;;
15442.0;;3;;;;;;;
15537.0;;3;;;;;;;
16526.0;;0;;;;;;;
16753.0;;1;;;;;;;
17384.0;;5;;;;;;;
18085.0;;4;;;;;;;
13272.0;;2;;;;;;;
13473.0;;3;;;;;;;
13826.0;;3;;;;;;;
14076.0;;1;;;;;;;
18050.0;;0;;;;;;;
12361.0;;0;;;;;;;
12478.0;;1;;;;;;;
12493.0;;0;;;;;;;
12639.0;;0;;;;;;;
12785.0;;0;;;;;;;
12793.0;;0;;;;;;;
12811.0;;0;;;;;;;
13355.0;;0;;;;;;;
13356.0;;3;;;;;;;
13470.0;;0;;;;;;;
14489.0;;0;;;;;;;
14598.0;;0;;;;;;;
14753.0;;4;;;;;;;
14757.0;;5;;;;;;;
15007.0;;2;;;;;;;
15213.0;;0;;;;;;;
15256.0;;0;;;;;;;
15417.0;;0;;;;;;;
15821.0;;0;;;;;;;
15930.0;;0;;;;;;;
16230.0;;2;;;;;;;
16412.0;;2;;;;;;;
16484.0;;1;;;;;;;
16777.0;;0;;;;;;;
16914.0;;1;;;;;;;
16932.0;;2;;;;;;;
17031.0;;0;;;;;;;
17118.0;;0;;;;;;;
17176.0;;2;;;;;;;
17248.0;;0;;;;;;;
17256.0;;2;;;;;;;
17325.0;;0;;;;;;;
17614.0;;1;;;;;;;
17791.0;;1;;;;;;;
17967.0;;2;;;;;;;
18158.0;;0;;;;;;;
18262.0;;1;;;;;;;
12373.0;;0;;;;;;;
12592.0;;0;;;;;;;
12962.0;;1;;;;;;;
14039.0;;0;;;;;;;
14054.0;;0;;;;;;;
14204.0;;1;;;;;;;
14317.0;;1;;;;;;;
14396.0;;2;;;;;;;
14886.0;;0;;;;;;;
14888.0;;0;;;;;;;
16351.0;;0;;;;;;;
16450.0;;2;;;;;;;
12402.0;;0;;;;;;;
12468.0;;1;;;;;;;
12491.0;;1;;;;;;;
12492.0;;4;;;;;;;
12522.0;;0;;;;;;;
12561.0;;0;;;;;;;
12564.0;;0;;;;;;;
12581.0;;1;;;;;;;
12623.0;;0;;;;;;;
12802.0;;1;;;;;;;
12812.0;;4;;;;;;;
13243.0;;0;;;;;;;
13780.0;;1;;;;;;;
13816.0;;1;;;;;;;
14149.0;;5;;;;;;;
14636.0;;5;;;;;;;
14703.0;;1;;;;;;;
15507.0;;3;;;;;;;
15552.0;;1;;;;;;;
18040.0;;0;;;;;;;
12506.0;;3;;;;;;;
12703.0;;0;;;;;;;
12732.0;;0;;;;;;;
13262.0;;5;;;;;;;
15090.0;;0;;;;;;;
15154.0;;1;;;;;;;
15725.0;;2;;;;;;;
16555.0;;4;;;;;;;
17344.0;;2;;;;;;;
14552.0;;2;;;;;;;
14981.0;;0;;;;;;;
15174.0;;0;;;;;;;
15204.0;;1;;;;;;;
15363.0;;1;;;;;;;
16239.0;;2;;;;;;;
17148.0;;0;;;;;;;
17701.0;;2;;;;;;;
17893.0;;0;;;;;;;
17913.0;;4;;;;;;;
18009.0;;2;;;;;;;
18033.0;;0;;;;;;;
12565.0;;1;;;;;;;
12660.0;;1;;;;;;;
12740.0;;1;;;;;;;
14059.0;;1;;;;;;;
16022.0;;1;;;;;;;
16080.0;;0;;;;;;;
17247.0;;1;;;;;;;
17513.0;;4;;;;;;;
17783.0;;1;;;;;;;
17885.0;;1;;;;;;;
12367.0;;1;;;;;;;
12920.0;;1;;;;;;;
14114.0;;0;;;;;;;
14420.0;;1;;;;;;;
16297.0;;1;;;;;;;
17052.0;;1;;;;;;;
17708.0;;0;;;;;;;
18015.0;;1;;;;;;;
15475.0;;1;;;;;;;
13990.0;;1;;;;;;;
17771.0;;1;;;;;;;
13040.0;;1;;;;;;;
13226.0;;1;;;;;;;
13974.0;;1;;;;;;;
14248.0;;1;;;;;;;
14331.0;;3;;;;;;;
14350.0;;2;;;;;;;
14457.0;;1;;;;;;;
14480.0;;4;;;;;;;
14801.0;;1;;;;;;;
14840.0;;1;;;;;;;
14966.0;;1;;;;;;;
15148.0;;1;;;;;;;
15163.0;;1;;;;;;;
15243.0;;1;;;;;;;
15333.0;;1;;;;;;;
15348.0;;1;;;;;;;
16063.0;;1;;;;;;;
16339.0;;1;;;;;;;
16561.0;;1;;;;;;;
16611.0;;1;;;;;;;
18156.0;;4;;;;;;;
18160.0;;2;;;;;;;
14652.0;;2;;;;;;;
15292.0;;1;;;;;;;
15437.0;;3;;;;;;;
14622.0;;0;;;;;;;
16313.0;;5;;;;;;;
17697.0;;0;;;;;;;
18252.0;;5;;;;;;;
14761.0;;1;;;;;;;
14850.0;;1;;;;;;;
15746.0;;2;;;;;;;
16030.0;;0;;;;;;;
17356.0;;1;;;;;;;
18176.0;;2;;;;;;;
14747.0;;2;;;;;;;
15886.0;;1;;;;;;;
16352.0;;2;;;;;;;
16921.0;;0;;;;;;;
12442.0;;1;;;;;;;
12895.0;;3;;;;;;;
13420.0;;3;;;;;;;
13581.0;;2;;;;;;;
13684.0;;3;;;;;;;
13774.0;;3;;;;;;;
14171.0;;4;;;;;;;
14320.0;;2;;;;;;;
15139.0;;1;;;;;;;
15280.0;;1;;;;;;;
15699.0;;3;;;;;;;
17415.0;;3;;;;;;;
17431.0;;3;;;;;;;
12547.0;;1;;;;;;;
12922.0;;1;;;;;;;
15454.0;;4;;;;;;;
16338.0;;3;;;;;;;
12573.0;;2;;;;;;;
13170.0;;1;;;;;;;
13462.0;;1;;;;;;;
13723.0;;1;;;;;;;
14453.0;;2;;;;;;;
15471.0;;2;;;;;;;
15869.0;;2;;;;;;;
16596.0;;4;;;;;;;
16721.0;;5;;;;;;;
17409.0;;3;;;;;;;
18074.0;;2;;;;;;;
13210.0;;5;;;;;;;
15408.0;;2;;;;;;;
17742.0;;2;;;;;;;
12430.0;;1;;;;;;;
12944.0;;1;;;;;;;
13349.0;;1;;;;;;;
13522.0;;4;;;;;;;
13602.0;;1;;;;;;;
13863.0;;5;;;;;;;
14813.0;;1;;;;;;;
14953.0;;1;;;;;;;
15000.0;;1;;;;;;;
15472.0;;5;;;;;;;
15691.0;;1;;;;;;;
15803.0;;5;;;;;;;
15853.0;;1;;;;;;;
15870.0;;1;;;;;;;
16119.0;;5;;;;;;;
16127.0;;4;;;;;;;
16343.0;;1;;;;;;;
16803.0;;1;;;;;;;
16878.0;;1;;;;;;;
16933.0;;5;;;;;;;
16947.0;;5;;;;;;;
16961.0;;4;;;;;;;
17194.0;;1;;;;;;;
17245.0;;1;;;;;;;
17359.0;;1;;;;;;;
17548.0;;5;;;;;;;
17595.0;;5;;;;;;;
17608.0;;1;;;;;;;
17880.0;;1;;;;;;;
18066.0;;1;;;;;;;
13663.0;;3;;;;;;;
15585.0;;3;;;;;;;
15889.0;;1;;;;;;;
16250.0;;2;;;;;;;
16625.0;;2;;;;;;;
17171.0;;2;;;;;;;
14009.0;;3;;;;;;;
14027.0;;3;;;;;;;
15236.0;;3;;;;;;;
15820.0;;3;;;;;;;
12614.0;;4;;;;;;;
13146.0;;1;;;;;;;
13682.0;;4;;;;;;;
15263.0;;4;;;;;;;
16116.0;;5;;;;;;;
18108.0;;5;;;;;;;
14470.0;;4;;;;;;;
14890.0;;3;;;;;;;
15346.0;;3;;;;;;;
16065.0;;2;;;;;;;
17458.0;;2;;;;;;;
12923.0;;1;;;;;;;
13708.0;;2;;;;;;;
14666.0;;2;;;;;;;
14830.0;;0;;;;;;;
15645.0;;2;;;;;;;
15935.0;;3;;;;;;;
16274.0;;1;;;;;;;
16406.0;;2;;;;;;;
16454.0;;1;;;;;;;
16519.0;;4;;;;;;;
16965.0;;1;;;;;;;
17392.0;;2;;;;;;;
17957.0;;1;;;;;;;
18014.0;;1;;;;;;;
13657.0;;1;;;;;;;
14314.0;;1;;;;;;;
17286.0;;1;;;;;;;
13283.0;;0;;;;;;;
15052.0;;2;;;;;;;
18106.0;;2;;;;;;;
12403.0;;0;;;;;;;
13594.0;;1;;;;;;;
14349.0;;2;;;;;;;
14908.0;;2;;;;;;;
14950.0;;2;;;;;;;
15225.0;;2;;;;;;;
16055.0;;3;;;;;;;
16429.0;;3;;;;;;;
16690.0;;5;;;;;;;
17018.0;;3;;;;;;;
17234.0;;1;;;;;;;
17367.0;;1;;;;;;;
18203.0;;3;;;;;;;
16105.0;;1;;;;;;;
16666.0;;1;;;;;;;
17334.0;;1;;;;;;;
12792.0;;1;;;;;;;
16616.0;;4;;;;;;;
16482.0;;1;;;;;;;
16936.0;;1;;;;;;;
12375.0;;0;;;;;;;
12521.0;;0;;;;;;;
12531.0;;1;;;;;;;
12551.0;;0;;;;;;;
12715.0;;0;;;;;;;
12893.0;;1;;;;;;;
13070.0;;0;;;;;;;
13844.0;;1;;;;;;;
14495.0;;0;;;;;;;
15528.0;;0;;;;;;;
16272.0;;0;;;;;;;
17839.0;;1;;;;;;;
12587.0;;0;;;;;;;
16091.0;;0;;;;;;;
16451.0;;0;;;;;;;
16835.0;;0;;;;;;;
17946.0;;0;;;;;;;
12981.0;;1;;;;;;;
13343.0;;0;;;;;;;
13584.0;;0;;;;;;;
13992.0;;0;;;;;;;
17094.0;;1;;;;;;;
13686.0;;0;;;;;;;
13727.0;;1;;;;;;;
13828.0;;0;;;;;;;
13938.0;;1;;;;;;;
14130.0;;0;;;;;;;
14438.0;;0;;;;;;;
15762.0;;3;;;;;;;
16778.0;;3;;;;;;;
16999.0;;1;;;;;;;
17153.0;;0;;;;;;;
18067.0;;1;;;;;;;
13061.0;;0;;;;;;;
14847.0;;2;;;;;;;
15732.0;;0;;;;;;;
16071.0;;2;;;;;;;
16229.0;;0;;;;;;;
17462.0;;0;;;;;;;
17636.0;;0;;;;;;;
12702.0;;4;;;;;;;
14037.0;;4;;;;;;;
14284.0;;4;;;;;;;
14345.0;;4;;;;;;;
14578.0;;4;;;;;;;
14768.0;;1;;;;;;;
14793.0;;4;;;;;;;
14968.0;;1;;;;;;;
15158.0;;4;;;;;;;
15758.0;;4;;;;;;;
16368.0;;1;;;;;;;
16812.0;;4;;;;;;;
17251.0;;4;;;;;;;
17694.0;;4;;;;;;;
18249.0;;1;;;;;;;
15043.0;;0;;;;;;;
15167.0;;2;;;;;;;
16720.0;;2;;;;;;;
16810.0;;4;;;;;;;
17899.0;;1;;;;;;;
12509.0;;3;;;;;;;
16181.0;;3;;;;;;;
13121.0;;0;;;;;;;
13760.0;;1;;;;;;;
18086.0;;1;;;;;;;
18105.0;;1;;;;;;;
12884.0;;0;;;;;;;
13033.0;;0;;;;;;;
13045.0;;0;;;;;;;
13067.0;;2;;;;;;;
13228.0;;0;;;;;;;
13304.0;;4;;;;;;;
13419.0;;0;;;;;;;
13563.0;;2;;;;;;;
13751.0;;0;;;;;;;
13837.0;;0;;;;;;;
14242.0;;2;;;;;;;
14452.0;;0;;;;;;;
14520.0;;0;;;;;;;
14658.0;;0;;;;;;;
14905.0;;2;;;;;;;
15264.0;;0;;;;;;;
15598.0;;2;;;;;;;
15610.0;;5;;;;;;;
15678.0;;0;;;;;;;
16125.0;;2;;;;;;;
16620.0;;0;;;;;;;
17022.0;;0;;;;;;;
17174.0;;0;;;;;;;
17190.0;;0;;;;;;;
17911.0;;0;;;;;;;
18183.0;;2;;;;;;;
12641.0;;1;;;;;;;
14348.0;;2;;;;;;;
14789.0;;1;;;;;;;
15790.0;;2;;;;;;;
15963.0;;5;;;;;;;
16594.0;;4;;;;;;;
16757.0;;3;;;;;;;
17601.0;;1;;;;;;;
17832.0;;1;;;;;;;
12535.0;;4;;;;;;;
13560.0;;4;;;;;;;
13579.0;;4;;;;;;;
13889.0;;4;;;;;;;
13973.0;;0;;;;;;;
14041.0;;3;;;;;;;
14100.0;;2;;;;;;;
14157.0;;4;;;;;;;
14620.0;;4;;;;;;;
14894.0;;4;;;;;;;
14932.0;;4;;;;;;;
15186.0;;2;;;;;;;
15254.0;;4;;;;;;;
16479.0;;1;;;;;;;
16826.0;;4;;;;;;;
17163.0;;4;;;;;;;
17239.0;;2;;;;;;;
17253.0;;4;;;;;;;
17343.0;;4;;;;;;;
17691.0;;1;;;;;;;
12756.0;;1;;;;;;;
13065.0;;2;;;;;;;
13416.0;;4;;;;;;;
14371.0;;4;;;;;;;
14861.0;;4;;;;;;;
14967.0;;4;;;;;;;
15286.0;;4;;;;;;;
15350.0;;4;;;;;;;
15774.0;;2;;;;;;;
16183.0;;4;;;;;;;
16400.0;;4;;;;;;;
16430.0;;4;;;;;;;
16591.0;;4;;;;;;;
16959.0;;4;;;;;;;
17496.0;;2;;;;;;;
17525.0;;4;;;;;;;
17561.0;;4;;;;;;;
18042.0;;4;;;;;;;
12966.0;;4;;;;;;;
12995.0;;4;;;;;;;
14355.0;;4;;;;;;;
14381.0;;1;;;;;;;
14474.0;;4;;;;;;;
15994.0;;4;;;;;;;
16447.0;;4;;;;;;;
16583.0;;4;;;;;;;
16613.0;;4;;;;;;;
16982.0;;1;;;;;;;
17255.0;;4;;;;;;;
17339.0;;4;;;;;;;
17456.0;;2;;;;;;;
17660.0;;1;;;;;;;
13697.0;;5;;;;;;;
13886.0;;2;;;;;;;
14205.0;;3;;;;;;;
15468.0;;4;;;;;;;
15469.0;;2;;;;;;;
17534.0;;4;;;;;;;
18045.0;;1;;;;;;;
18278.0;;4;;;;;;;
12544.0;;1;;;;;;;
12987.0;;2;;;;;;;
13177.0;;1;;;;;;;
13954.0;;1;;;;;;;
15877.0;;1;;;;;;;
16149.0;;5;;;;;;;
16795.0;;2;;;;;;;
16847.0;;1;;;;;;;
17232.0;;1;;;;;;;
17235.0;;1;;;;;;;
17785.0;;1;;;;;;;
18261.0;;1;;;;;;;
13411.0;;2;;;;;;;
13936.0;;1;;;;;;;
15937.0;;1;;;;;;;
15951.0;;2;;;;;;;
17430.0;;2;;;;;;;
17495.0;;5;;;;;;;
17680.0;;5;;;;;;;
13607.0;;2;;;;;;;
14354.0;;1;;;;;;;
16752.0;;3;;;;;;;
17630.0;;3;;;;;;;
12617.0;;2;;;;;;;
13897.0;;1;;;;;;;
14581.0;;1;;;;;;;
15300.0;;3;;;;;;;
15837.0;;1;;;;;;;
15723.0;;1;;;;;;;
17357.0;;1;;;;;;;
17383.0;;1;;;;;;;
12824.0;;1;;;;;;;
13638.0;;1;;;;;;;
14538.0;;2;;;;;;;
15740.0;;5;;;;;;;
15975.0;;1;;;;;;;
17201.0;;1;;;;;;;
17480.0;;1;;;;;;;
17623.0;;1;;;;;;;
18112.0;;1;;;;;;;
18215.0;;2;;;;;;;
16423.0;;1;;;;;;;
17520.0;;2;;;;;;;
15127.0;;1;;;;;;;
15949.0;;1;;;;;;;
14851.0;;1;;;;;;;
18018.0;;1;;;;;;;
15714.0;;1;;;;;;;
16903.0;;1;;;;;;;
17895.0;;1;;;;;;;
13390.0;;1;;;;;;;
15103.0;;1;;;;;;;
17432.0;;1;;;;;;;
13359.0;;4;;;;;;;
14881.0;;4;;;;;;;
15734.0;;3;;;;;;;
16445.0;;1;;;;;;;
16693.0;;5;;;;;;;
17538.0;;1;;;;;;;
17904.0;;4;;;;;;;
12445.0;;1;;;;;;;
14528.0;;5;;;;;;;
16732.0;;1;;;;;;;
17157.0;;1;;;;;;;
13710.0;;2;;;;;;;
15277.0;;1;;;;;;;
15667.0;;5;;;;;;;
13002.0;;2;;;;;;;
13888.0;;2;;;;;;;
14601.0;;4;;;;;;;
14782.0;;4;;;;;;;
15083.0;;1;;;;;;;
16665.0;;3;;;;;;;
16913.0;;4;;;;;;;
12436.0;;3;;;;;;;
14241.0;;3;;;;;;;
14357.0;;0;;;;;;;
16485.0;;2;;;;;;;
17358.0;;2;;;;;;;
18212.0;;2;;;;;;;
16517.0;;2;;;;;;;
12789.0;;4;;;;;;;
15153.0;;2;;;;;;;
13085.0;;1;;;;;;;
13690.0;;3;;;;;;;
14491.0;;1;;;;;;;
15655.0;;2;;;;;;;
16236.0;;1;;;;;;;
16689.0;;3;;;;;;;
16697.0;;1;;;;;;;
17643.0;;3;;;;;;;
13561.0;;2;;;;;;;
17574.0;;2;;;;;;;
18088.0;;0;;;;;;;
13449.0;;2;;;;;;;
12650.0;;1;;;;;;;
15863.0;;1;;;;;;;
12851.0;;1;;;;;;;
14104.0;;0;;;;;;;
14406.0;;0;;;;;;;
14902.0;;5;;;;;;;
15648.0;;2;;;;;;;
15683.0;;1;;;;;;;
16179.0;;0;;;;;;;
16830.0;;2;;;;;;;
17704.0;;2;;;;;;;
12648.0;;0;;;;;;;
14690.0;;2;;;;;;;
17376.0;;1;;;;;;;
17862.0;;1;;;;;;;
17871.0;;0;;;;;;;
12631.0;;1;;;;;;;
16159.0;;0;;;;;;;
13227.0;;0;;;;;;;
17508.0;;0;;;;;;;
12552.0;;5;;;;;;;
12866.0;;0;;;;;;;
13052.0;;2;;;;;;;
13062.0;;3;;;;;;;
13295.0;;2;;;;;;;
13508.0;;3;;;;;;;
13976.0;;3;;;;;;;
14632.0;;0;;;;;;;
15659.0;;5;;;;;;;
15705.0;;3;;;;;;;
15822.0;;2;;;;;;;
16614.0;;3;;;;;;;
16952.0;;0;;;;;;;
12489.0;;1;;;;;;;
12618.0;;1;;;;;;;
13926.0;;2;;;;;;;
14236.0;;1;;;;;;;
15551.0;;5;;;;;;;
16414.0;;5;;;;;;;
16433.0;;1;;;;;;;
17531.0;;2;;;;;;;
12829.0;;3;;;;;;;
14870.0;;3;;;;;;;
13388.0;;2;;;;;;;
13439.0;;1;;;;;;;
14660.0;;1;;;;;;;
16018.0;;1;;;;;;;
17852.0;;1;;;;;;;
12738.0;;3;;;;;;;
14067.0;;2;;;;;;;
12904.0;;5;;;;;;;
13034.0;;5;;;;;;;
14386.0;;3;;;;;;;
15565.0;;3;;;;;;;
12602.0;;1;;;;;;;
13519.0;;3;;;;;;;
13876.0;;1;;;;;;;
14055.0;;5;;;;;;;
15448.0;;5;;;;;;;
16163.0;;3;;;;;;;
16178.0;;1;;;;;;;
16956.0;;1;;;;;;;
17197.0;;1;;;;;;;
18030.0;;2;;;;;;;
12512.0;;2;;;;;;;
13398.0;;3;;;;;;;
14697.0;;1;;;;;;;
14295.0;;4;;;;;;;
16017.0;;2;;;;;;;
17155.0;;1;;;;;;;
18001.0;;1;;;;;;;
14264.0;;2;;;;;;;
16141.0;;2;;;;;;;
18120.0;;3;;;;;;;
13460.0;;1;;;;;;;
13904.0;;1;;;;;;;
14073.0;;5;;;;;;;
14416.0;;5;;;;;;;
15115.0;;1;;;;;;;
15692.0;;2;;;;;;;
17010.0;;1;;;;;;;
17219.0;;1;;;;;;;
17233.0;;1;;;;;;;
17237.0;;1;;;;;;;
17274.0;;4;;;;;;;
17960.0;;1;;;;;;;
13573.0;;5;;;;;;;
13806.0;;1;;;;;;;
13887.0;;5;;;;;;;
14333.0;;1;;;;;;;
14863.0;;2;;;;;;;
16050.0;;3;;;;;;;
16849.0;;2;;;;;;;
18154.0;;2;;;;;;;
16052.0;;5;;;;;;;
12604.0;;1;;;;;;;
14585.0;;1;;;;;;;
14638.0;;5;;;;;;;
15097.0;;5;;;;;;;
15121.0;;1;;;;;;;
15261.0;;1;;;;;;;
15604.0;;5;;;;;;;
17844.0;;1;;;;;;;
18200.0;;1;;;;;;;
15178.0;;0;;;;;;;
15523.0;;0;;;;;;;
13182.0;;1;;;;;;;
14860.0;;5;;;;;;;
16217.0;;3;;;;;;;
17221.0;;1;;;;;;;
18114.0;;3;;;;;;;
12956.0;;2;;;;;;;
15988.0;;5;;;;;;;
16207.0;;5;;;;;;;
18280.0;;3;;;;;;;
15308.0;;3;;;;;;;
13859.0;;2;;;;;;;
15047.0;;1;;;;;;;
15319.0;;3;;;;;;;
16124.0;;3;;;;;;;
16838.0;;5;;;;;;;
16917.0;;3;;;;;;;
17881.0;;3;;;;;;;
12763.0;;1;;;;;;;
13216.0;;0;;;;;;;
13568.0;;2;;;;;;;
13787.0;;5;;;;;;;
13978.0;;5;;;;;;;
14421.0;;1;;;;;;;
14889.0;;1;;;;;;;
14984.0;;1;;;;;;;
15014.0;;1;;;;;;;
15142.0;;1;;;;;;;
15210.0;;5;;;;;;;
16282.0;;2;;;;;;;
16581.0;;1;;;;;;;
17877.0;;1;;;;;;;
15016.0;;2;;;;;;;
15049.0;;3;;;;;;;
12736.0;;3;;;;;;;
13754.0;;3;;;;;;;
14208.0;;5;;;;;;;
16823.0;;1;;;;;;;
17446.0;;1;;;;;;;
17628.0;;3;;;;;;;
17650.0;;1;;;;;;;
18099.0;;1;;;;;;;
17349.0;;3;;;;;;;
13108.0;;1;;;;;;;
16318.0;;1;;;;;;;
12686.0;;1;;;;;;;
16850.0;;2;;;;;;;
14633.0;;1;;;;;;;
17181.0;;1;;;;;;;
13803.0;;5;;;;;;;
14427.0;;5;;;;;;;
17969.0;;1;;;;;;;
14957.0;;1;;;;;;;
15866.0;;0;;;;;;;
13529.0;;1;;;;;;;
14727.0;;2;;;;;;;
18281.0;;0;;;;;;;
12984.0;;1;;;;;;;
14537.0;;1;;;;;;;
17038.0;;1;;;;;;;
14015.0;;1;;;;;;;
15335.0;;1;;;;;;;
15639.0;;1;;;;;;;
15556.0;;1;;;;;;;
17166.0;;0;;;;;;;
13116.0;;2;;;;;;;
15130.0;;2;;;;;;;
13193.0;;1;;;;;;;
13600.0;;2;;;;;;;
14518.0;;5;;;;;;;
14964.0;;3;;;;;;;
15923.0;;1;;;;;;;
16498.0;;1;;;;;;;
17217.0;;1;;;;;;;
17263.0;;2;;;;;;;
17639.0;;1;;;;;;;
17906.0;;1;;;;;;;
17939.0;;1;;;;;;;
17942.0;;1;;;;;;;
18010.0;;1;;;;;;;
18048.0;;5;;;;;;;
16215.0;;1;;;;;;;
16518.0;;1;;;;;;;
17887.0;;1;;;;;;;
12707.0;;1;;;;;;;
12586.0;;2;;;;;;;
12953.0;;2;;;;;;;
14548.0;;2;;;;;;;
14987.0;;2;;;;;;;
15099.0;;2;;;;;;;
15230.0;;2;;;;;;;
15247.0;;2;;;;;;;
15262.0;;2;;;;;;;
15428.0;;2;;;;;;;
16634.0;;2;;;;;;;
17128.0;;2;;;;;;;
17640.0;;2;;;;;;;
17767.0;;2;;;;;;;
18058.0;;2;;;;;;;
14960.0;;5;;;;;;;
15432.0;;2;;;;;;;
15783.0;;5;;;;;;;
17475.0;;1;;;;;;;
16106.0;;1;;;;;;;
12844.0;;1;;;;;;;
13603.0;;1;;;;;;;
18072.0;;1;;;;;;;
18193.0;;1;;;;;;;
16963.0;;1;;;;;;;
14368.0;;1;;;;;;;
14792.0;;1;;;;;;;
14795.0;;4;;;;;;;
16349.0;;1;;;;;;;
13716.0;;2;;;;;;;
14238.0;;5;;;;;;;
17362.0;;2;;;;;;;
17926.0;;3;;;;;;;
14089.0;;1;;;;;;;
15897.0;;1;;;;;;;
13296.0;;1;;;;;;;
16117.0;;2;;;;;;;
15171.0;;3;;;;;;;
15135.0;;1;;;;;;;
13083.0;;1;;;;;;;
15607.0;;1;;;;;;;
16597.0;;1;;;;;;;
13273.0;;1;;;;;;;
14353.0;;2;;;;;;;
15143.0;;1;;;;;;;
16287.0;;1;;;;;;;
14196.0;;2;;;;;;;
14423.0;;2;;;;;;;
16448.0;;2;;;;;;;
13923.0;;1;;;;;;;
14569.0;;1;;;;;;;
16248.0;;1;;;;;;;
16658.0;;5;;;;;;;
13325.0;;1;;;;;;;
13514.0;;2;;;;;;;
15096.0;;1;;;;;;;
15567.0;;3;;;;;;;
12450.0;;0;;;;;;;
14752.0;;1;;;;;;;
16739.0;;2;;;;;;;
14327.0;;2;;;;;;;
16582.0;;1;;;;;;;
14784.0;;5;;;;;;;
12897.0;;2;;;;;;;
14551.0;;5;;;;;;;
15623.0;;2;;;;;;;
15652.0;;2;;;;;;;
16208.0;;2;;;;;;;
16322.0;;5;;;;;;;
16449.0;;5;;;;;;;
17079.0;;3;;;;;;;
17506.0;;0;;;;;;;
17737.0;;2;;;;;;;
15385.0;;2;;;;;;;
16793.0;;1;;;;;;;
17222.0;;2;;;;;;;
17603.0;;5;;;;;;;
17206.0;;1;;;;;;;
12833.0;;5;;;;;;;
13133.0;;3;;;;;;;
13261.0;;3;;;;;;;
13405.0;;3;;;;;;;
13497.0;;5;;;;;;;
13675.0;;2;;;;;;;
14012.0;;3;;;;;;;
14473.0;;3;;;;;;;
14642.0;;5;;;;;;;
15325.0;;5;;;;;;;
15609.0;;1;;;;;;;
15709.0;;3;;;;;;;
15717.0;;2;;;;;;;
16587.0;;3;;;;;;;
16769.0;;2;;;;;;;
16957.0;;3;;;;;;;
17854.0;;2;;;;;;;
17972.0;;3;;;;;;;
18019.0;;3;;;;;;;
18165.0;;3;;;;;;;
14806.0;;0;;;;;;;
17714.0;;1;;;;;;;
18224.0;;2;;;;;;;
17382.0;;1;;;;;;;
16773.0;;2;;;;;;;
12938.0;;2;;;;;;;
13161.0;;2;;;;;;;
13382.0;;2;;;;;;;
13874.0;;2;;;;;;;
13922.0;;2;;;;;;;
13929.0;;2;;;;;;;
14218.0;;2;;;;;;;
14271.0;;2;;;;;;;
14476.0;;2;;;;;;;
15412.0;;2;;;;;;;
15636.0;;2;;;;;;;
15713.0;;2;;;;;;;
15775.0;;2;;;;;;;
16190.0;;2;;;;;;;
16457.0;;2;;;;;;;
16610.0;;2;;;;;;;
16617.0;;2;;;;;;;
16623.0;;2;;;;;;;
16792.0;;2;;;;;;;
17053.0;;2;;;;;;;
17123.0;;2;;;;;;;
18053.0;;2;;;;;;;
18255.0;;2;;;;;;;
12857.0;;2;;;;;;;
15844.0;;5;;;;;;;
17684.0;;2;;;;;;;
17517.0;;3;;;;;;;
18056.0;;3;;;;;;;
15381.0;;3;;;;;;;
15124.0;;5;;;;;;;
12902.0;;3;;;;;;;
13043.0;;3;;;;;;;
14143.0;;1;;;;;;;
14184.0;;3;;;;;;;
15619.0;;3;;;;;;;
17647.0;;3;;;;;;;
17788.0;;3;;;;;;;
12881.0;;3;;;;;;;
12977.0;;3;;;;;;;
13187.0;;2;;;;;;;
13801.0;;2;;;;;;;
14411.0;;3;;;;;;;
15395.0;;3;;;;;;;
16926.0;;3;;;;;;;
17654.0;;2;;;;;;;
17693.0;;3;;;;;;;
14237.0;;3;;;;;;;
13453.0;;2;;;;;;;
16432.0;;1;;;;;;;
16828.0;;3;;;;;;;
16510.0;;5;;;;;;;
14220.0;;3;;;;;;;
12548.0;;3;;;;;;;
13072.0;;1;;;;;;;
13348.0;;1;;;;;;;
16619.0;;1;;;;;;;
16643.0;;5;;;;;;;
14760.0;;2;;;;;;;
13866.0;;5;;;;;;;
14855.0;;3;;;;;;;
15226.0;;3;;;;;;;
15397.0;;3;;;;;;;
17030.0;;3;;;;;;;
17678.0;;3;;;;;;;
12574.0;;3;;;;;;;
13351.0;;1;;;;;;;
13404.0;;1;;;;;;;
14699.0;;2;;;;;;;
14947.0;;2;;;;;;;
17670.0;;1;;;;;;;
13807.0;;2;;;;;;;
14079.0;;1;;;;;;;
15388.0;;5;;;;;;;
16006.0;;0;;;;;;;
16424.0;;5;;;;;;;
17977.0;;0;;;;;;;
18191.0;;0;;;;;;;
13434.0;;2;;;;;;;
15374.0;;2;;;;;;;
17600.0;;4;;;;;;;
17394.0;;5;;;;;;;
13103.0;;5;;;;;;;
18270.0;;5;;;;;;;
16387.0;;5;;;;;;;
16516.0;;2;;;;;;;
13858.0;;2;;;;;;;
15857.0;;1;;;;;;;
16260.0;;4;;;;;;;
12441.0;;1;;;;;;;
12873.0;;1;;;;;;;
13482.0;;4;;;;;;;
12532.0;;1;;;;;;;
16198.0;;1;;;;;;;
16836.0;;1;;;;;;;
13479.0;;2;;;;;;;
13832.0;;3;;;;;;;
16829.0;;3;;;;;;;
15670.0;;3;;;;;;;
18147.0;;0;;;;;;;
15347.0;;1;;;;;;;
16861.0;;1;;;;;;;
15458.0;;1;;;;;;;
14785.0;;1;;;;;;;
12837.0;;2;;;;;;;
13962.0;;5;;;;;;;
14066.0;;2;;;;;;;
14377.0;;5;;;;;;;
14804.0;;2;;;;;;;
15042.0;;5;;;;;;;
18246.0;;2;;;;;;;
12817.0;;5;;;;;;;
13937.0;;1;;;;;;;
14174.0;;2;;;;;;;
14512.0;;3;;;;;;;
15030.0;;5;;;;;;;
15361.0;;2;;;;;;;
15405.0;;3;;;;;;;
15825.0;;2;;;;;;;
16213.0;;2;;;;;;;
16789.0;;2;;;;;;;
13645.0;;0;;;;;;;
15689.0;;0;;;;;;;
17187.0;;3;;;;;;;
13011.0;;4;;;;;;;
18227.0;;2;;;;;;;
12929.0;;3;;;;;;;
16227.0;;3;;;;;;;
13403.0;;5;;;;;;;
16345.0;;5;;;;;;;
14484.0;;5;;;;;;;
15557.0;;4;;;;;;;
17309.0;;2;;;;;;;
16171.0;;1;;;;;;;
13587.0;;4;;;;;;;
13960.0;;2;;;;;;;
17330.0;;4;;;;;;;
17427.0;;4;;;;;;;
12659.0;;5;;;;;;;
16177.0;;2;;;;;;;
17080.0;;5;;;;;;;
13980.0;;5;;;;;;;
12831.0;;2;;;;;;;
16162.0;;2;;;;;;;
16858.0;;0;;;;;;;
15368.0;;0;;;;;;;
16659.0;;2;;;;;;;
14280.0;;2;;;;;;;
12968.0;;4;;;;;;;
13364.0;;5;;;;;;;
17900.0;;4;;;;;;;
15526.0;;3;;;;;;;
14080.0;;1;;;;;;;
13321.0;;5;;;;;;;
13618.0;;5;;;;;;;
13706.0;;5;;;;;;;
14501.0;;2;;;;;;;
15986.0;;5;;;;;;;
15992.0;;5;;;;;;;
16427.0;;5;;;;;;;
16641.0;;5;;;;;;;
15266.0;;1;;;;;;;
14259.0;;1;;;;;;;
14300.0;;2;;;;;;;
18269.0;;1;;;;;;;
15703.0;;3;;;;;;;
13513.0;;2;;;;;;;
12821.0;;1;;;;;;;
14582.0;;2;;;;;;;
14915.0;;4;;;;;;;
15393.0;;5;;;;;;;
17122.0;;2;;;;;;;
17524.0;;2;;;;;;;
16319.0;;1;;;;;;;
14437.0;;5;;;;;;;
15973.0;;3;;;;;;;
17468.0;;0;;;;;;;
17941.0;;1;;;;;;;
15216.0;;0;;;;;;;
13298.0;;4;;;;;;;
15168.0;;5;;;;;;;
18032.0;;1;;;;;;;
13917.0;;5;;;;;;;
14523.0;;5;;;;;;;
15773.0;;1;;;;;;;
16569.0;;1;;;;;;;
12864.0;;2;;;;;;;
14865.0;;2;;;;;;;
14962.0;;2;;;;;;;
13347.0;;3;;;;;;;
16257.0;;3;;;;;;;
12504.0;;3;;;;;;;
13493.0;;3;;;;;;;
16586.0;;2;;;;;;;
15219.0;;3;;;;;;;
13651.0;;3;;;;;;;
15593.0;;2;;;;;;;
15958.0;;1;;;;;;;
14542.0;;3;;;;;;;
12855.0;;3;;;;;;;
17620.0;;3;;;;;;;
15603.0;;3;;;;;;;
15597.0;;2;;;;;;;
16405.0;;5;;;;;;;
14053.0;;1;;;;;;;
17549.0;;5;;;;;;;
14436.0;;3;;;;;;;
14340.0;;2;;;;;;;
17775.0;;2;;;;;;;
13972.0;;5;;;;;;;
15744.0;;5;;;;;;;
13441.0;;2;;;;;;;
14373.0;;2;;;;;;;
13169.0;;1;;;;;;;
16506.0;;2;;;;;;;
17436.0;;1;;;;;;;
15663.0;;4;;;;;;;
13947.0;;2;;;;;;;
16363.0;;5;;;;;;;
13132.0;;1;;;;;;;
13845.0;;2;;;;;;;
16784.0;;1;;;;;;;
15269.0;;1;;;;;;;
16545.0;;1;;;;;;;
16679.0;;1;;;;;;;
17995.0;;1;;;;;;;
14147.0;;1;;;;;;;
13080.0;;3;;;;;;;
12734.0;;3;;;;;;;
15612.0;;4;;;;;;;
13877.0;;2;;;;;;;
16189.0;;3;;;;;;;
17879.0;;2;;;;;;;
13160.0;;0;;;;;;;
15634.0;;4;;;;;;;
14821.0;;4;;;;;;;
14117.0;;5;;;;;;;
14661.0;;5;;;;;;;
15488.0;;5;;;;;;;
17060.0;;5;;;;;;;
17985.0;;5;;;;;;;
15423.0;;1;;;;;;;
16468.0;;0;;;;;;;
17536.0;;3;;;;;;;
15899.0;;3;;;;;;;
14641.0;;2;;;;;;;
15661.0;;2;;;;;;;
16856.0;;2;;;;;;;
14816.0;;3;;;;;;;
15729.0;;5;;;;;;;
15221.0;;2;;;;;;;
17535.0;;2;;;;;;;
13130.0;;0;;;;;;;
13948.0;;3;;;;;;;
12612.0;;1;;;;;;;
13095.0;;1;;;;;;;
14764.0;;2;;;;;;;
15307.0;;4;;;;;;;
16852.0;;0;;;;;;;
16542.0;;5;;;;;;;
14219.0;;1;;;;;;;
17578.0;;0;;;;;;;
